X1,X2,X3,X4,X5
bpd_ARHGAP42_ATP2B1,0,0,0,0
bpd_ARHGAP42_ATXN2,0,0,0,0
bpd_ATP2B1_ATXN2,0,0,0,0
bpd_ARHGAP42_CACNB2,0,0,0,0
bpd_ATP2B1_CACNB2,0,0,0,0
bpd_ATXN2_CACNB2,0,0,0,0
bpd_ARHGAP42_FGF5,0,0,0,0
bpd_ATP2B1_FGF5,0,0,0,0
bpd_ATXN2_FGF5,0,0,0,0
bpd_CACNB2_FGF5,0,0,0,0
bpd_ARHGAP42_KCNK3,0,0,0,0
bpd_ATP2B1_KCNK3,0,0,0,0
bpd_ATXN2_KCNK3,0,0,0,0
bpd_CACNB2_KCNK3,0,0,0,0
bpd_FGF5_KCNK3,0,0,0,0
bpd_ARHGAP42_PRDM8,0,0,0,0
bpd_ATP2B1_PRDM8,1,0,0,0
bpd_ATXN2_PRDM8,0,0,0,0
bpd_CACNB2_PRDM8,0,0,0,0
bpd_FGF5_PRDM8,0,0,0,0
bpd_KCNK3_PRDM8,0,0,0,0
bpd_ARHGAP42_ULK4,0,0,0,0
bpd_ATP2B1_ULK4,0,0,0,0
bpd_ATXN2_ULK4,0,0,0,0
bpd_CACNB2_ULK4,0,0,0,0
bpd_FGF5_ULK4,0,0,0,0
bpd_KCNK3_ULK4,0,0,0,0
bpd_PRDM8_ULK4,1,0,0,0
