X1,X2,X3,X4,X5
bps_ARHGAP42_ATP2B1,0,0,0,0
bps_ARHGAP42_CACNB2,0,0,0,0
bps_ATP2B1_CACNB2,0,0,0,0
bps_ARHGAP42_CASZ1,0,0,0,0
bps_ATP2B1_CASZ1,0,0,0,0
bps_CACNB2_CASZ1,0,0,0,0
bps_ARHGAP42_FGF5,0,0,0,0
bps_ATP2B1_FGF5,0,0,0,0
bps_CACNB2_FGF5,0,0,0,0
bps_CASZ1_FGF5,0,0,0,0
bps_ARHGAP42_FIGN,0,0,0,0
bps_ATP2B1_FIGN,0,0,0,0
bps_CACNB2_FIGN,0,0,0,0
bps_CASZ1_FIGN,0,0,0,0
bps_FGF5_FIGN,0,0,0,0
bps_ARHGAP42_KCNK3,0,0,0,0
bps_ATP2B1_KCNK3,0,0,0,0
bps_CACNB2_KCNK3,0,0,0,0
bps_CASZ1_KCNK3,0,0,0,0
bps_FGF5_KCNK3,0,0,0,0
bps_FIGN_KCNK3,0,0,0,0
bps_ARHGAP42_NPR3,0,0,0,0
bps_ATP2B1_NPR3,0,0,0,0
bps_CACNB2_NPR3,0,0,0,0
bps_CASZ1_NPR3,0,0,0,0
bps_FGF5_NPR3,0,0,0,0
bps_FIGN_NPR3,0,0,0,0
bps_KCNK3_NPR3,0,0,0,0
bps_ARHGAP42_PRDM8,0,0,0,0
bps_ATP2B1_PRDM8,1,0,0,0
bps_CACNB2_PRDM8,0,0,0,0
bps_CASZ1_PRDM8,0,0,0,0
bps_FGF5_PRDM8,0,0,0,0
bps_FIGN_PRDM8,0,0,0,0
bps_KCNK3_PRDM8,0,0,0,0
bps_NPR3_PRDM8,0,0,0,0
